match_id,competition,season,match_date,home_team,away_team,home_score,away_score,competition_stage,minute,second,period,is_shootout,player_name,player_id,team_name,goalkeeper_name,body_part,technique,outcome,xg,end_x,end_y,end_z,shot_zone_horizontal,shot_zone_vertical,shot_zone,has_freeze_frame,gk_y_offset,gk_depth,ff_defenders,ff_teammates,taker_y_offset,penalty_id
68313,La Liga,2004/2005,2004-10-24,Barcelona,Osasuna,3,0,Regular Season,43,38,1,False,Ronaldo de Assis Moreira,25879,Barcelona,,Right Foot,Normal,Goal,0.7835,120.0,36.5,0.6,Left,Low,Bottom-Left,0,,,,,,68313_43_38
68317,La Liga,2005/2006,2005-10-01,Barcelona,Real Zaragoza,2,2,Regular Season,78,40,2,False,Ronaldo de Assis Moreira,25879,Barcelona,,Right Foot,Normal,Goal,0.7835,120.0,36.9,0.4,Left,Low,Bottom-Left,0,,,,,,68317_78_40
69164,La Liga,2005/2006,2005-10-26,Barcelona,Málaga,2,0,Regular Season,80,9,2,False,Ronaldo de Assis Moreira,25879,Barcelona,Francesc Arnau,Right Foot,Normal,Goal,0.7835,120.0,36.4,2.4,Left,High,Top-Left,1,-0.3,0.5,0.0,0.0,0.0,69164_80_9
68354,La Liga,2005/2006,2005-11-27,Barcelona,Racing Santander,4,1,Regular Season,3,6,1,False,Ronaldo de Assis Moreira,25879,Barcelona,Dudú Aouate,Right Foot,Normal,Saved,0.7835,119.2,38.1,0.4,Left,Low,Bottom-Left,1,-0.1,0.3,0.0,0.0,0.0,68354_3_6
68354,La Liga,2005/2006,2005-11-27,Barcelona,Racing Santander,4,1,Regular Season,56,7,2,False,Ronaldo de Assis Moreira,25879,Barcelona,,Right Foot,Normal,Goal,0.7835,120.0,36.7,2.0,Left,High,Top-Left,0,,,,,,68354_56_7
68354,La Liga,2005/2006,2005-11-27,Barcelona,Racing Santander,4,1,Regular Season,70,28,2,False,Francisco Javier Casquero Paredes,26144,Racing Santander,,Right Foot,Normal,Goal,0.7835,119.9,42.7,0.2,Right,Low,Bottom-Right,0,,,,,,68354_70_28
68322,La Liga,2005/2006,2005-12-17,Cádiz,Barcelona,1,3,Regular Season,47,1,1,False,Samuel Eto''o Fils,19298,Barcelona,,Right Foot,Normal,Goal,0.7835,120.0,37.2,1.0,Left,Mid,Mid-Left,0,,,,,,68322_47_1
68342,La Liga,2005/2006,2006-01-15,Barcelona,Athletic Club,2,1,Regular Season,37,55,1,False,Ronaldo de Assis Moreira,25879,Barcelona,,Right Foot,Normal,Goal,0.7835,120.0,42.5,0.3,Right,Low,Bottom-Right,0,,,,,,68342_37_55
68324,La Liga,2005/2006,2006-01-22,Barcelona,Deportivo Alavés,2,0,Regular Season,68,36,2,False,Ronaldo de Assis Moreira,25879,Barcelona,Franco Costanzo,Right Foot,Normal,Off T,0.7835,120.0,35.5,1.7,Left,Mid,Mid-Left,1,0.0,0.3,0.0,0.0,0.1,68324_68_36
68351,La Liga,2005/2006,2006-02-25,Real Zaragoza,Barcelona,0,2,Regular Season,79,2,2,False,Ronaldo de Assis Moreira,25879,Barcelona,César Sánchez Domínguez,Right Foot,Normal,Goal,0.7835,120.0,43.3,0.3,Right,Low,Bottom-Right,1,0.3,0.4,0.0,0.0,0.0,68351_79_2
68340,La Liga,2006/2007,2006-09-17,Racing Santander,Barcelona,0,3,Regular Season,91,28,2,False,Ronaldo de Assis Moreira,25879,Barcelona,,Right Foot,Normal,Goal,0.7835,120.0,43.6,0.6,Right,Low,Bottom-Right,0,,,,,,68340_91_28
68329,La Liga,2006/2007,2006-10-15,Barcelona,Sevilla,3,1,Regular Season,27,22,1,False,Ronaldo de Assis Moreira,25879,Barcelona,,Right Foot,Normal,Goal,0.7835,120.0,43.6,0.3,Right,Low,Bottom-Right,0,,,,,,68329_27_22
69174,La Liga,2006/2007,2006-11-04,RC Deportivo La Coruña,Barcelona,1,1,Regular Season,39,31,1,False,Ronaldo de Assis Moreira,25879,Barcelona,,Right Foot,Normal,Goal,0.7835,120.0,43.5,0.2,Right,Low,Bottom-Right,0,,,,,,69174_39_31
69174,La Liga,2006/2007,2006-11-04,RC Deportivo La Coruña,Barcelona,1,1,Regular Season,72,18,2,False,Fabián Larry Estoyanoff Poggio,25947,RC Deportivo La Coruña,,Right Foot,Normal,Saved,0.7835,119.3,43.1,0.4,Right,Low,Bottom-Right,0,,,,,,69174_72_18
69154,La Liga,2006/2007,2007-02-11,Barcelona,Racing Santander,2,0,Regular Season,25,54,1,False,Ezequiel Marcelo Garay,6891,Racing Santander,Víctor Valdés Arribas,Right Foot,Normal,Saved,0.7835,119.6,37.0,0.6,Left,Low,Bottom-Left,1,-0.1,0.4,0.0,0.0,-0.2,69154_25_54
68334,La Liga,2006/2007,2007-03-03,Sevilla,Barcelona,2,1,Regular Season,28,49,1,False,Ronaldo de Assis Moreira,25879,Barcelona,Andrés Palop Cervera,Right Foot,Normal,Saved,0.7835,119.3,38.7,0.6,Center,Low,Bottom-Center,1,-0.3,0.8,0.0,0.0,0.0,68334_28_49
68335,La Liga,2006/2007,2007-03-10,Barcelona,Real Madrid,3,3,Regular Season,12,55,1,False,Ruud van Nistelrooy,19729,Real Madrid,,Right Foot,Normal,Goal,0.7835,120.0,42.4,0.1,Right,Low,Bottom-Right,0,,,,,,68335_12_55
69159,La Liga,2006/2007,2007-04-15,Barcelona,Mallorca,1,0,Regular Season,30,3,1,False,Jonás Manuel Gutiérrez,25997,Mallorca,Víctor Valdés Arribas,Right Foot,Normal,Saved,0.7835,118.8,38.1,0.3,Left,Low,Bottom-Left,1,-0.2,1.1,0.0,0.0,0.1,69159_30_3
69162,La Liga,2006/2007,2007-05-13,Barcelona,Real Betis,1,1,Regular Season,4,53,1,False,Ronaldo de Assis Moreira,25879,Barcelona,,Right Foot,Normal,Goal,0.7835,120.0,37.5,2.3,Left,High,Top-Left,0,,,,,,69162_4_53
69169,La Liga,2007/2008,2007-09-02,Barcelona,Athletic Club,3,1,Regular Season,34,15,1,False,Ronaldo de Assis Moreira,25879,Barcelona,,Right Foot,Normal,Goal,0.7835,120.0,36.4,0.1,Left,Low,Bottom-Left,0,,,,,,69169_34_15
69148,La Liga,2007/2008,2007-09-22,Barcelona,Sevilla,2,1,Regular Season,79,43,2,False,Lionel Andrés Messi Cuccittini,5503,Barcelona,,Left Foot,Normal,Goal,0.7835,120.0,43.3,0.2,Right,Low,Bottom-Right,0,,,,,,69148_79_43
69151,La Liga,2007/2008,2007-09-29,Levante UD,Barcelona,1,4,Regular Season,71,58,2,False,Emilio José Viqueira Moure,26399,Levante UD,Víctor Valdés Arribas,Right Foot,Normal,Goal,0.7835,120.0,43.5,0.2,Right,Low,Bottom-Right,1,0.0,0.8,0.0,0.0,0.3,69151_71_58
68364,La Liga,2007/2008,2007-10-20,Villarreal,Barcelona,3,1,Regular Season,12,58,1,False,Marcos Antonio Senna da Silva,20135,Villarreal,,Right Foot,Normal,Goal,0.7835,120.0,41.8,1.2,Right,Mid,Mid-Right,0,,,,,,68364_12_58
68364,La Liga,2007/2008,2007-10-20,Villarreal,Barcelona,3,1,Regular Season,34,18,1,False,Marcos Antonio Senna da Silva,20135,Villarreal,,Right Foot,Normal,Goal,0.7835,120.0,40.2,0.2,Center,Low,Bottom-Center,0,,,,,,68364_34_18
69158,La Liga,2007/2008,2007-10-28,Barcelona,Almería,2,0,Regular Season,80,28,2,False,Lionel Andrés Messi Cuccittini,5503,Barcelona,,Left Foot,Normal,Goal,0.7835,120.0,41.8,1.5,Right,Mid,Mid-Right,0,,,,,,69158_80_28
69184,La Liga,2007/2008,2007-11-24,Barcelona,Recreativo Huelva,3,0,Regular Season,81,0,2,False,Lionel Andrés Messi Cuccittini,5503,Barcelona,,Left Foot,Normal,Goal,0.7835,120.0,37.4,0.2,Left,Low,Bottom-Left,0,,,,,,69184_81_0
69170,La Liga,2007/2008,2007-12-09,Barcelona,RC Deportivo La Coruña,2,1,Regular Season,40,6,1,False,Ronaldo de Assis Moreira,25879,Barcelona,,Right Foot,Normal,Goal,0.7835,120.0,43.5,0.2,Right,Low,Bottom-Right,0,,,,,,69170_40_6
69182,La Liga,2007/2008,2008-02-16,Real Zaragoza,Barcelona,1,2,Regular Season,42,34,1,False,Diego Alberto Milito,19294,Real Zaragoza,Víctor Valdés Arribas,Right Foot,Normal,Off T,0.7835,120.0,39.0,3.5,Center,High,Top-Center,1,-0.6,0.2,0.0,0.0,0.0,69182_42_34
69182,La Liga,2007/2008,2008-02-16,Real Zaragoza,Barcelona,1,2,Regular Season,82,56,2,False,Ronaldo de Assis Moreira,25879,Barcelona,,Right Foot,Normal,Goal,0.7835,120.0,43.6,1.3,Right,Mid,Mid-Right,0,,,,,,69182_82_56
68360,La Liga,2007/2008,2008-02-24,Barcelona,Levante UD,5,1,Regular Season,40,46,1,False,Rahamat Riga Mustapha,26181,Levante UD,,Right Foot,Normal,Goal,0.7835,120.0,36.8,0.2,Left,Low,Bottom-Left,0,,,,,,68360_40_46
68365,La Liga,2007/2008,2008-03-01,Atlético Madrid,Barcelona,4,2,Regular Season,61,19,2,False,Diego Forlán Corazo,26199,Atlético Madrid,,Right Foot,Normal,Goal,0.7835,120.0,41.8,0.2,Right,Low,Bottom-Right,0,,,,,,68365_61_19
69141,La Liga,2007/2008,2008-05-04,Barcelona,Valencia,6,0,Regular Season,5,2,1,False,Lionel Andrés Messi Cuccittini,5503,Barcelona,,Left Foot,Normal,Goal,0.7835,120.0,41.8,0.2,Right,Low,Bottom-Right,0,,,,,,69141_5_2
68361,La Liga,2007/2008,2008-05-07,Real Madrid,Barcelona,4,1,Regular Season,77,42,2,False,Ruud van Nistelrooy,19729,Real Madrid,,Right Foot,Normal,Goal,0.7835,120.0,43.6,0.4,Right,Low,Bottom-Right,0,,,,,,68361_77_42
69186,La Liga,2007/2008,2008-05-17,Real Murcia CF,Barcelona,3,5,Regular Season,80,39,2,False,Iván Daniel Alonso Vallejo,26243,Real Murcia CF,,Left Foot,Normal,Goal,0.7835,120.0,41.5,2.0,Right,High,Top-Right,0,,,,,,69186_80_39
69215,La Liga,2008/2009,2008-09-13,Barcelona,Racing Santander,1,1,Regular Season,70,36,2,False,Lionel Andrés Messi Cuccittini,5503,Barcelona,,Left Foot,Normal,Goal,0.7835,120.0,37.2,0.2,Left,Low,Bottom-Left,0,,,,,,69215_70_36
69211,La Liga,2008/2009,2008-09-27,Espanyol,Barcelona,1,2,Regular Season,98,6,2,False,Lionel Andrés Messi Cuccittini,5503,Barcelona,,Left Foot,Normal,Goal,0.7835,120.0,42.5,0.0,Right,Low,Bottom-Right,0,,,,,,69211_98_6
69212,La Liga,2008/2009,2008-10-04,Barcelona,Atlético Madrid,6,1,Regular Season,5,7,1,False,Samuel Eto''o Fils,19298,Barcelona,,Right Foot,Normal,Goal,0.7835,120.0,36.4,0.2,Left,Low,Bottom-Left,0,,,,,,69212_5_7
69225,La Liga,2008/2009,2008-12-13,Barcelona,Real Madrid,2,0,Regular Season,69,39,2,False,Samuel Eto''o Fils,19298,Barcelona,Iker Casillas Fernández,Right Foot,Normal,Saved,0.7835,119.8,43.4,0.5,Right,Low,Bottom-Right,1,0.3,0.2,0.0,0.0,0.1,69225_69_39
69183,La Liga,2008/2009,2009-01-17,Barcelona,RC Deportivo La Coruña,5,0,Regular Season,86,6,2,False,Samuel Eto''o Fils,19298,Barcelona,,Right Foot,Normal,Goal,0.7835,120.0,36.5,1.7,Left,Mid,Mid-Left,0,,,,,,69183_86_6
69209,La Liga,2008/2009,2009-02-01,Racing Santander,Barcelona,1,2,Regular Season,55,3,2,False,Nikola Žigić,26074,Racing Santander,,Right Foot,Normal,Goal,0.7835,120.0,36.7,0.0,Left,Low,Bottom-Left,0,,,,,,69209_55_3
69195,La Liga,2008/2009,2009-02-14,Real Betis,Barcelona,2,2,Regular Season,47,27,1,False,Samuel Eto''o Fils,19298,Barcelona,,Right Foot,Normal,Saved,0.7835,119.4,37.4,0.6,Left,Low,Bottom-Left,0,,,,,,69195_47_27
69185,La Liga,2008/2009,2009-03-01,Atlético Madrid,Barcelona,4,3,Regular Season,78,57,2,False,Diego Forlán Corazo,26199,Atlético Madrid,,Right Foot,Normal,Goal,0.7835,120.0,36.7,0.9,Left,Mid,Mid-Left,0,,,,,,69185_78_57
69216,La Liga,2008/2009,2009-03-07,Barcelona,Athletic Club,2,0,Regular Season,31,2,1,False,Lionel Andrés Messi Cuccittini,5503,Barcelona,,Left Foot,Normal,Goal,0.7835,120.0,37.3,1.5,Left,Mid,Mid-Left,0,,,,,,69216_31_2
69222,La Liga,2008/2009,2009-04-11,Barcelona,Recreativo Huelva,2,0,Regular Season,80,51,2,False,Lionel Andrés Messi Cuccittini,5503,Barcelona,,Left Foot,Normal,Saved,0.7835,119.4,37.9,0.2,Left,Low,Bottom-Left,0,,,,,,69222_80_51
69217,La Liga,2008/2009,2009-05-10,Barcelona,Villarreal,3,3,Regular Season,77,18,2,False,Matías Ariel Fernández Fernández,26192,Villarreal,,Right Foot,Normal,Goal,0.7835,120.0,36.0,2.0,Left,High,Top-Left,0,,,,,,69217_77_18
69250,La Liga,2009/2010,2009-11-07,Barcelona,Mallorca,4,2,Regular Season,86,57,2,False,Lionel Andrés Messi Cuccittini,5503,Barcelona,,Left Foot,Normal,Goal,0.7835,120.0,44.0,0.4,Right,Low,Bottom-Right,0,,,,,,69250_86_57
69240,La Liga,2009/2010,2010-02-06,Barcelona,Getafe,2,1,Regular Season,93,1,2,False,Roberto Soldado Rillo,26009,Getafe,,Right Foot,Normal,Goal,0.7835,120.0,38.5,0.1,Left,Low,Bottom-Left,0,,,,,,69240_93_1
69227,La Liga,2009/2010,2010-03-21,Real Zaragoza,Barcelona,2,4,Regular Season,90,36,2,False,Zlatan Ibrahimović,3672,Barcelona,,Right Foot,Normal,Goal,0.7835,120.0,36.8,0.3,Left,Low,Bottom-Left,0,,,,,,69227_90_36
69286,La Liga,2010/2011,2010-08-29,Racing Santander,Barcelona,0,3,Regular Season,35,1,1,False,Mohamed Gasana Tchité,26490,Racing Santander,,Right Foot,Normal,Saved,0.7835,119.3,37.0,1.3,Left,Mid,Mid-Left,0,,,,,,69286_35_1
69270,La Liga,2010/2011,2010-11-07,Getafe,Barcelona,1,3,Regular Season,69,30,2,False,Manuel del Moral Fernández,24507,Getafe,,Right Foot,Normal,Goal,0.7835,120.0,36.5,1.0,Left,Mid,Mid-Left,0,,,,,,69270_69_30
69307,La Liga,2010/2011,2010-12-04,Osasuna,Barcelona,0,3,Regular Season,83,0,2,False,Lionel Andrés Messi Cuccittini,5503,Barcelona,,Left Foot,Normal,Goal,0.7835,120.0,43.5,0.0,Right,Low,Bottom-Right,0,,,,,,69307_83_0
69295,La Liga,2010/2011,2011-01-22,Barcelona,Racing Santander,3,0,Regular Season,32,44,1,False,Lionel Andrés Messi Cuccittini,5503,Barcelona,,Left Foot,Normal,Goal,0.7835,120.0,43.4,0.1,Right,Low,Bottom-Right,0,,,,,,69295_32_44
69282,La Liga,2010/2011,2011-02-20,Barcelona,Athletic Club,2,1,Regular Season,49,55,2,False,Andoni Iraola Sagarna,26031,Athletic Club,,Right Foot,Normal,Goal,0.7835,120.0,43.2,0.4,Right,Low,Bottom-Right,0,,,,,,69282_49_55
69305,La Liga,2010/2011,2011-04-09,Barcelona,Almería,3,1,Regular Season,52,50,2,False,Lionel Andrés Messi Cuccittini,5503,Barcelona,,Left Foot,Normal,Goal,0.7835,120.0,42.1,0.8,Right,Low,Bottom-Right,0,,,,,,69305_52_50
69245,La Liga,2010/2011,2011-04-16,Real Madrid,Barcelona,1,1,Regular Season,52,4,2,False,Lionel Andrés Messi Cuccittini,5503,Barcelona,,Left Foot,Normal,Goal,0.7835,120.0,41.7,1.3,Right,Mid,Mid-Right,0,,,,,,69245_52_4
69245,La Liga,2010/2011,2011-04-16,Real Madrid,Barcelona,1,1,Regular Season,81,39,2,False,Cristiano Ronaldo dos Santos Aveiro,5207,Real Madrid,,Right Foot,Normal,Goal,0.7835,120.0,43.2,0.9,Right,Mid,Mid-Right,0,,,,,,69245_81_39
69246,La Liga,2010/2011,2011-04-30,Real Sociedad,Barcelona,2,1,Regular Season,81,29,2,False,Xabier Prieto Argarate,6690,Real Sociedad,,Right Foot,Normal,Goal,0.7835,120.0,39.1,1.5,Center,Mid,Mid-Center,0,,,,,,69246_81_29
69329,La Liga,2011/2012,2011-10-22,Barcelona,Sevilla,0,0,Regular Season,94,40,2,False,Lionel Andrés Messi Cuccittini,5503,Barcelona,Javier Varas Herrera,Left Foot,Normal,Saved,0.7835,119.4,43.3,0.9,Right,Mid,Mid-Right,1,0.9,0.0,0.0,0.0,0.3,69329_94_40
69314,La Liga,2011/2012,2011-10-29,Barcelona,Mallorca,5,0,Regular Season,12,51,1,False,Lionel Andrés Messi Cuccittini,5503,Barcelona,,Left Foot,Normal,Goal,0.7835,120.0,42.9,2.3,Right,High,Top-Right,0,,,,,,69314_12_51
69327,La Liga,2011/2012,2012-01-15,Barcelona,Real Betis,4,2,Regular Season,85,32,2,False,Lionel Andrés Messi Cuccittini,5503,Barcelona,,Left Foot,Normal,Goal,0.7835,120.0,38.0,1.3,Left,Mid,Mid-Left,0,,,,,,69327_85_32
69322,La Liga,2011/2012,2012-03-11,Racing Santander,Barcelona,0,2,Regular Season,55,47,2,False,Lionel Andrés Messi Cuccittini,5503,Barcelona,,Left Foot,Normal,Goal,0.7835,120.0,42.5,0.2,Right,Low,Bottom-Right,0,,,,,,69322_55_47
70225,La Liga,2011/2012,2012-03-20,Barcelona,Granada,5,3,Regular Season,61,44,2,False,Guilherme Magdalena Siqueira,26780,Granada,,Left Foot,Normal,Goal,0.7835,120.0,38.0,0.2,Left,Low,Bottom-Left,0,,,,,,70225_61_44
70225,La Liga,2011/2012,2012-03-20,Barcelona,Granada,5,3,Regular Season,88,54,2,False,Guilherme Magdalena Siqueira,26780,Granada,,Left Foot,Lob,Goal,0.7835,120.0,43.6,0.2,Right,Low,Bottom-Right,0,,,,,,70225_88_54
69323,La Liga,2011/2012,2012-03-31,Barcelona,Athletic Club,2,0,Regular Season,57,51,2,False,Lionel Andrés Messi Cuccittini,5503,Barcelona,,Left Foot,Normal,Goal,0.7835,120.0,43.2,0.2,Right,Low,Bottom-Right,0,,,,,,69323_57_51
70219,La Liga,2011/2012,2012-04-07,Real Zaragoza,Barcelona,1,4,Regular Season,23,30,1,False,Ángel Lafita Castillo,26020,Real Zaragoza,Víctor Valdés Arribas,Right Foot,Normal,Saved,0.7835,119.0,42.7,0.5,Right,Low,Bottom-Right,1,0.0,0.6,0.0,0.0,-0.2,70219_23_30
70219,La Liga,2011/2012,2012-04-07,Real Zaragoza,Barcelona,1,4,Regular Season,85,5,2,False,Lionel Andrés Messi Cuccittini,5503,Barcelona,,Left Foot,Normal,Goal,0.7835,120.0,38.8,1.9,Center,High,Top-Center,0,,,,,,70219_85_5
70221,La Liga,2011/2012,2012-04-14,Levante UD,Barcelona,1,2,Regular Season,22,43,1,False,José Javier Barkero Saludes,26226,Levante UD,,Left Foot,Normal,Goal,0.7835,120.0,37.6,0.2,Left,Low,Bottom-Left,0,,,,,,70221_22_43
70221,La Liga,2011/2012,2012-04-14,Levante UD,Barcelona,1,2,Regular Season,71,38,2,False,Lionel Andrés Messi Cuccittini,5503,Barcelona,,Left Foot,Normal,Goal,0.7835,120.0,42.2,2.1,Right,High,Top-Right,0,,,,,,70221_71_38
69340,La Liga,2011/2012,2012-05-02,Barcelona,Málaga,4,1,Regular Season,34,13,1,False,Lionel Andrés Messi Cuccittini,5503,Barcelona,Idriss Carlos Kameni,Left Foot,Normal,Goal,0.7835,120.0,38.7,0.2,Center,Low,Bottom-Center,1,0.1,0.4,0.0,0.0,0.0,69340_34_13
69340,La Liga,2011/2012,2012-05-02,Barcelona,Málaga,4,1,Regular Season,58,46,2,False,Lionel Andrés Messi Cuccittini,5503,Barcelona,Idriss Carlos Kameni,Left Foot,Normal,Goal,0.7835,120.0,43.4,1.9,Right,High,Top-Right,1,0.1,0.0,0.0,0.0,0.1,69340_58_46
69320,La Liga,2011/2012,2012-05-05,Barcelona,Espanyol,4,0,Regular Season,63,38,2,False,Lionel Andrés Messi Cuccittini,5503,Barcelona,,Left Foot,Normal,Goal,0.7835,120.0,43.8,0.2,Right,Low,Bottom-Right,0,,,,,,69320_63_38
69320,La Liga,2011/2012,2012-05-05,Barcelona,Espanyol,4,0,Regular Season,78,29,2,False,Lionel Andrés Messi Cuccittini,5503,Barcelona,,Left Foot,Normal,Goal,0.7835,120.0,43.4,1.3,Right,Mid,Mid-Right,0,,,,,,69320_78_29
70292,La Liga,2012/2013,2012-09-15,Getafe,Barcelona,1,4,Regular Season,73,24,2,False,Lionel Andrés Messi Cuccittini,5503,Barcelona,,Left Foot,Normal,Goal,0.7835,120.0,42.4,1.3,Right,Mid,Mid-Right,0,,,,,,70292_73_24
70304,La Liga,2012/2013,2012-10-20,RC Deportivo La Coruña,Barcelona,4,5,Regular Season,25,49,1,False,Luís Miguel Afonso Fernandes,10325,RC Deportivo La Coruña,,Right Foot,Normal,Goal,0.7835,120.0,42.5,1.4,Right,Mid,Mid-Right,0,,,,,,70304_25_49
266724,La Liga,2012/2013,2012-11-11,Mallorca,Barcelona,2,4,Regular Season,57,41,2,False,Víctor Casadesús Castaño,23791,Mallorca,,Right Foot,Normal,Goal,0.7835,120.0,40.2,0.5,Center,Low,Bottom-Center,0,,,,,,266724_57_41
70280,La Liga,2012/2013,2012-11-25,Levante UD,Barcelona,0,4,Regular Season,86,39,2,False,José Javier Barkero Saludes,26226,Levante UD,,Left Foot,Normal,Saved,0.7835,119.0,37.7,0.5,Left,Low,Bottom-Left,0,,,,,,70280_86_39
266433,La Liga,2012/2013,2013-01-06,Barcelona,Espanyol,4,0,Regular Season,28,30,1,False,Lionel Andrés Messi Cuccittini,5503,Barcelona,,Left Foot,Normal,Goal,0.7835,120.0,37.5,0.2,Left,Low,Bottom-Left,0,,,,,,266433_28_30
70260,La Liga,2012/2013,2013-01-27,Barcelona,Osasuna,5,1,Regular Season,27,9,1,False,Lionel Andrés Messi Cuccittini,5503,Barcelona,,Left Foot,Normal,Goal,0.7835,120.0,36.6,0.5,Left,Low,Bottom-Left,0,,,,,,70260_27_9
70282,La Liga,2012/2013,2013-02-03,Valencia,Barcelona,1,1,Regular Season,38,23,1,False,Lionel Andrés Messi Cuccittini,5503,Barcelona,,Left Foot,Normal,Goal,0.7835,120.0,36.7,2.3,Left,High,Top-Left,0,,,,,,70282_38_23
70277,La Liga,2013/2014,2013-08-18,Barcelona,Levante UD,7,0,Regular Season,41,18,1,False,Lionel Andrés Messi Cuccittini,5503,Barcelona,Keylor Navas Gamboa,Left Foot,Normal,Goal,0.7835,120.0,37.1,1.0,Left,Mid,Mid-Left,1,-0.1,1.7,0.0,0.0,0.0,70277_41_18
70302,La Liga,2013/2014,2013-09-21,Rayo Vallecano,Barcelona,0,4,Regular Season,35,41,1,False,Roberto Trashorras Gayoso,26848,Rayo Vallecano,,Right Foot,Normal,Saved,0.7835,119.5,36.9,1.7,Left,Mid,Mid-Left,0,,,,,,70302_35_41
266883,La Liga,2013/2014,2013-11-10,Real Betis,Barcelona,1,4,Regular Season,91,35,2,False,Jorge Molina Vidal,6630,Real Betis,,Right Foot,Normal,Goal,0.7835,120.0,36.6,1.6,Left,Mid,Mid-Left,0,,,,,,266883_91_35
266613,La Liga,2013/2014,2014-02-01,Barcelona,Valencia,2,3,Regular Season,53,14,2,False,Lionel Andrés Messi Cuccittini,5503,Barcelona,,Left Foot,Normal,Goal,0.7835,120.0,43.8,2.4,Right,High,Top-Right,0,,,,,,266613_53_14
265857,La Liga,2013/2014,2014-03-23,Real Madrid,Barcelona,3,4,Regular Season,54,19,2,False,Cristiano Ronaldo dos Santos Aveiro,5207,Real Madrid,,Right Foot,Normal,Goal,0.7835,120.0,36.4,0.3,Left,Low,Bottom-Left,0,,,,,,265857_54_19
265857,La Liga,2013/2014,2014-03-23,Real Madrid,Barcelona,3,4,Regular Season,64,8,2,False,Lionel Andrés Messi Cuccittini,5503,Barcelona,,Left Foot,Normal,Goal,0.7835,120.0,43.3,1.4,Right,Mid,Mid-Right,0,,,,,,265857_64_8
265857,La Liga,2013/2014,2014-03-23,Real Madrid,Barcelona,3,4,Regular Season,83,42,2,False,Lionel Andrés Messi Cuccittini,5503,Barcelona,,Left Foot,Normal,Goal,0.7835,120.0,43.7,2.4,Right,High,Top-Right,0,,,,,,265857_83_42
70306,La Liga,2013/2014,2014-03-29,Espanyol,Barcelona,0,1,Regular Season,76,13,2,False,Lionel Andrés Messi Cuccittini,5503,Barcelona,,Left Foot,Normal,Goal,0.7835,120.0,37.3,0.3,Left,Low,Bottom-Left,0,,,,,,70306_76_13
267368,La Liga,2013/2014,2014-04-05,Barcelona,Real Betis,3,1,Regular Season,14,2,1,False,Lionel Andrés Messi Cuccittini,5503,Barcelona,,Left Foot,Normal,Goal,0.7835,120.0,38.4,0.2,Left,Low,Bottom-Left,0,,,,,,267368_14_2
267368,La Liga,2013/2014,2014-04-05,Barcelona,Real Betis,3,1,Regular Season,85,14,2,False,Lionel Andrés Messi Cuccittini,5503,Barcelona,Antonio Adán Garrido,Left Foot,Normal,Saved,0.7835,119.5,42.3,0.9,Right,Mid,Mid-Right,1,0.3,0.6,0.0,0.0,0.2,267368_85_14
266770,La Liga,2014/2015,2014-09-21,Levante UD,Barcelona,0,5,Regular Season,41,12,1,False,Lionel Andrés Messi Cuccittini,5503,Barcelona,Jesús Fernández Collado,Left Foot,Normal,Off T,0.7835,120.0,35.5,1.6,Left,Mid,Mid-Left,1,-0.7,0.9,0.0,0.0,0.1,266770_41_12
267085,La Liga,2014/2015,2014-10-25,Real Madrid,Barcelona,3,1,Regular Season,33,23,1,False,Cristiano Ronaldo dos Santos Aveiro,5207,Real Madrid,,Right Foot,Normal,Goal,0.7835,120.0,43.0,0.4,Right,Low,Bottom-Right,0,,,,,,267085_33_23
70303,La Liga,2014/2015,2015-01-11,Barcelona,Atlético Madrid,3,1,Regular Season,56,42,2,False,Mario Mandžukić,5472,Atlético Madrid,,Right Foot,Normal,Goal,0.7835,120.0,39.6,2.4,Center,High,Top-Center,0,,,,,,70303_56_42
266794,La Liga,2014/2015,2015-01-24,Elche,Barcelona,0,6,Regular Season,54,7,2,False,Lionel Andrés Messi Cuccittini,5503,Barcelona,,Left Foot,Normal,Goal,0.7835,120.0,37.7,0.2,Left,Low,Bottom-Left,0,,,,,,266794_54_7
266741,La Liga,2014/2015,2015-02-15,Barcelona,Levante UD,5,0,Regular Season,64,57,2,False,Lionel Andrés Messi Cuccittini,5503,Barcelona,,Left Foot,Normal,Goal,0.7835,120.0,43.3,0.0,Right,Low,Bottom-Right,0,,,,,,266741_64_57
267343,La Liga,2014/2015,2015-02-28,Granada,Barcelona,1,3,Regular Season,52,18,2,False,Francisco Manuel Rico Castro,25707,Granada,,Right Foot,Normal,Goal,0.7835,120.0,43.6,1.6,Right,Mid,Mid-Right,0,,,,,,267343_52_18
266916,La Liga,2014/2015,2015-03-08,Barcelona,Rayo Vallecano,6,1,Regular Season,55,51,2,False,Lionel Andrés Messi Cuccittini,5503,Barcelona,,Left Foot,Normal,Goal,0.7835,120.0,43.5,0.0,Right,Low,Bottom-Right,0,,,,,,266916_55_51
266916,La Liga,2014/2015,2015-03-08,Barcelona,Rayo Vallecano,6,1,Regular Season,80,10,2,False,Alberto Bueno Calvo,6879,Rayo Vallecano,,Right Foot,Normal,Goal,0.7835,120.0,39.5,2.0,Center,High,Top-Center,0,,,,,,266916_80_10
266967,La Liga,2014/2015,2015-03-14,Eibar,Barcelona,0,2,Regular Season,30,56,1,False,Lionel Andrés Messi Cuccittini,5503,Barcelona,,Left Foot,Normal,Goal,0.7835,120.0,42.6,1.6,Right,Mid,Mid-Right,0,,,,,,266967_30_56
266525,La Liga,2014/2015,2015-04-18,Barcelona,Valencia,2,0,Regular Season,9,25,1,False,Daniel Parejo Muñoz,6595,Valencia,,Right Foot,Normal,Saved,0.7835,119.5,37.9,0.4,Left,Low,Bottom-Left,0,,,,,,266525_9_25
265963,La Liga,2014/2015,2015-04-28,Barcelona,Getafe,6,0,Regular Season,8,46,1,False,Lionel Andrés Messi Cuccittini,5503,Barcelona,,Left Foot,Lob,Goal,0.7835,120.0,40.4,1.9,Center,High,Top-Center,0,,,,,,265963_8_46
265866,La Liga,2014/2015,2015-05-02,Córdoba CF,Barcelona,0,8,Regular Season,84,17,2,False,Neymar da Silva Santos Junior,4320,Barcelona,,Right Foot,Normal,Goal,0.7835,120.0,42.5,0.0,Right,Low,Bottom-Right,0,,,,,,265866_84_17
266236,La Liga,2015/2016,2015-08-23,Athletic Club,Barcelona,0,1,Regular Season,30,15,1,False,Lionel Andrés Messi Cuccittini,5503,Barcelona,,Left Foot,Normal,Saved,0.7835,119.3,36.8,0.2,Left,Low,Bottom-Left,0,,,,,,266236_30_15
3825574,La Liga,2015/2016,2015-08-29,Celta Vigo,Rayo Vallecano,3,0,Regular Season,10,37,1,False,Manuel Agudo Durán,6724,Celta Vigo,,Right Foot,Normal,Goal,0.7835,120.0,38.3,0.3,Left,Low,Bottom-Left,0,,,,,,3825574_10_37
3825572,La Liga,2015/2016,2015-08-29,Real Madrid,Real Betis,5,0,Regular Season,60,33,2,False,Rubén Castro Martín,6832,Real Betis,Keylor Navas Gamboa,Right Foot,Normal,Saved,0.7835,118.3,42.4,1.3,Right,Mid,Mid-Right,1,0.3,0.7,0.0,0.0,0.0,3825572_60_33
3825577,La Liga,2015/2016,2015-08-30,Getafe,Granada,1,2,Regular Season,25,51,1,False,Youssef El-Arabi,27109,Granada,,Right Foot,Normal,Goal,0.7835,120.0,43.5,0.8,Right,Low,Bottom-Right,0,,,,,,3825577_25_51
3825578,La Liga,2015/2016,2015-08-30,Eibar,Athletic Club,2,0,Regular Season,33,5,1,False,Saúl Berjón Pérez,24070,Eibar,,Right Foot,Normal,Goal,0.7835,120.0,40.1,2.0,Center,High,Top-Center,0,,,,,,3825578_33_5
3825581,La Liga,2015/2016,2015-09-12,Espanyol,Real Madrid,0,6,Regular Season,16,35,1,False,Cristiano Ronaldo dos Santos Aveiro,5207,Real Madrid,,Right Foot,Normal,Goal,0.7835,120.0,43.3,0.3,Right,Low,Bottom-Right,0,,,,,,3825581_16_35
3825585,La Liga,2015/2016,2015-09-13,Celta Vigo,Las Palmas,3,3,Regular Season,12,46,1,False,Fabián Ariel Orellana Valenzuela,7105,Celta Vigo,,Right Foot,Normal,Goal,0.7835,120.0,43.2,0.4,Right,Low,Bottom-Right,0,,,,,,3825585_12_46
3825592,La Liga,2015/2016,2015-09-19,Real Sociedad,Espanyol,2,3,Regular Season,43,46,1,False,Gerard Moreno Balaguero,6766,Espanyol,,Left Foot,Normal,Goal,0.7835,120.0,43.2,0.2,Right,Low,Bottom-Right,0,,,,,,3825592_43_46
3825595,La Liga,2015/2016,2015-09-20,Villarreal,Athletic Club,3,1,Regular Season,42,9,1,False,Bruno Soriano Llido,22819,Villarreal,,Left Foot,Normal,Goal,0.7835,120.0,36.8,0.2,Left,Low,Bottom-Left,0,,,,,,3825595_42_9
266490,La Liga,2015/2016,2015-09-20,Barcelona,Levante UD,4,1,Regular Season,60,29,2,False,Lionel Andrés Messi Cuccittini,5503,Barcelona,,Left Foot,Normal,Goal,0.7835,120.0,41.9,2.0,Right,High,Top-Right,0,,,,,,266490_60_29
266490,La Liga,2015/2016,2015-09-20,Barcelona,Levante UD,4,1,Regular Season,75,0,2,False,Lionel Andrés Messi Cuccittini,5503,Barcelona,Rubén Iván Martínez Andrade,Left Foot,Normal,Off T,0.7835,120.0,41.1,3.6,Center,High,Top-Center,1,0.0,0.2,0.0,0.0,0.1,266490_75_0
3825601,La Liga,2015/2016,2015-09-23,Rayo Vallecano,Sporting Gijón,2,1,Regular Season,39,10,1,False,Roberto Trashorras Gayoso,26848,Rayo Vallecano,,Right Foot,Normal,Goal,0.7835,120.0,37.3,1.2,Left,Mid,Mid-Left,0,,,,,,3825601_39_10
267611,La Liga,2015/2016,2015-09-26,Barcelona,Las Palmas,2,1,Regular Season,66,1,2,False,Neymar da Silva Santos Junior,4320,Barcelona,Javier Varas Herrera,Right Foot,Normal,Off T,0.7835,120.0,40.2,3.8,Center,High,Top-Center,1,0.0,0.6,0.0,0.0,0.1,267611_66_1
3825615,La Liga,2015/2016,2015-10-03,Espanyol,Sporting Gijón,1,2,Regular Season,29,6,1,False,Felipe Salvador Caicedo Corozo,7781,Espanyol,,Left Foot,Normal,Saved,0.7835,119.4,42.6,0.9,Right,Mid,Mid-Right,0,,,,,,3825615_29_6
3825617,La Liga,2015/2016,2015-10-03,Sevilla,Barcelona,2,1,Regular Season,73,24,2,False,Neymar da Silva Santos Junior,4320,Barcelona,,Right Foot,Normal,Goal,0.7835,120.0,36.9,0.2,Left,Low,Bottom-Left,0,,,,,,3825617_73_24
3825621,La Liga,2015/2016,2015-10-04,Atlético Madrid,Real Madrid,1,1,Regular Season,21,49,1,False,Antoine Griezmann,5487,Atlético Madrid,,Left Foot,Normal,Saved,0.7835,119.1,41.7,0.8,Right,Low,Bottom-Right,0,,,,,,3825621_21_49
3825627,La Liga,2015/2016,2015-10-17,Barcelona,Rayo Vallecano,5,2,Regular Season,21,38,1,False,Neymar da Silva Santos Junior,4320,Barcelona,,Right Foot,Normal,Goal,0.7835,120.0,37.5,0.0,Left,Low,Bottom-Left,0,,,,,,3825627_21_38
3825627,La Liga,2015/2016,2015-10-17,Barcelona,Rayo Vallecano,5,2,Regular Season,31,44,1,False,Neymar da Silva Santos Junior,4320,Barcelona,,Right Foot,Normal,Goal,0.7835,120.0,42.6,0.1,Right,Low,Bottom-Right,0,,,,,,3825627_31_44
3825623,La Liga,2015/2016,2015-10-17,Valencia,Málaga,3,0,Regular Season,38,20,1,False,Sérgio Paulo Barbosa Valente,25859,Málaga,Jaume Doménech Sánchez,Left Foot,Normal,Saved,0.7835,118.8,42.4,0.4,Right,Low,Bottom-Right,1,0.3,1.1,0.0,0.0,0.0,3825623_38_20
3825623,La Liga,2015/2016,2015-10-17,Valencia,Málaga,3,0,Regular Season,87,56,2,False,Daniel Parejo Muñoz,6595,Valencia,,Right Foot,Normal,Goal,0.7835,120.0,39.5,1.3,Center,Mid,Mid-Center,0,,,,,,3825623_87_56
3825633,La Liga,2015/2016,2015-10-23,Rayo Vallecano,Espanyol,3,0,Regular Season,35,9,1,False,Roberto Trashorras Gayoso,26848,Rayo Vallecano,,Right Foot,Normal,Goal,0.7835,120.0,36.5,0.5,Left,Low,Bottom-Left,0,,,,,,3825633_35_9
3825633,La Liga,2015/2016,2015-10-23,Rayo Vallecano,Espanyol,3,0,Regular Season,92,43,2,False,Jorge Franco Alviz,6624,Espanyol,,Right Foot,Normal,Saved,0.7835,118.7,42.7,0.3,Right,Low,Bottom-Right,0,,,,,,3825633_92_43
3825634,La Liga,2015/2016,2015-10-24,Granada,Real Betis,1,1,Regular Season,39,26,1,False,Rubén Castro Martín,6832,Real Betis,,Right Foot,Normal,Goal,0.7835,120.0,37.1,0.2,Left,Low,Bottom-Left,0,,,,,,3825634_39_26
3825874,La Liga,2015/2016,2015-10-24,Sevilla,Getafe,5,0,Regular Season,49,29,2,False,Éver Maximiliano David Banega,5504,Sevilla,,Right Foot,Normal,Goal,0.7835,120.0,38.0,0.2,Left,Low,Bottom-Left,0,,,,,,3825874_49_29
3825874,La Liga,2015/2016,2015-10-24,Sevilla,Getafe,5,0,Regular Season,59,42,2,False,Kevin Gameiro,6401,Sevilla,,Right Foot,Normal,Goal,0.7835,120.0,37.3,0.1,Left,Low,Bottom-Left,0,,,,,,3825874_59_42
3825874,La Liga,2015/2016,2015-10-24,Sevilla,Getafe,5,0,Regular Season,80,4,2,False,Yevhen Konoplyanka,8523,Sevilla,,Right Foot,Normal,Goal,0.7835,120.0,37.1,1.0,Left,Mid,Mid-Left,0,,,,,,3825874_80_4
3825638,La Liga,2015/2016,2015-10-25,Atlético Madrid,Valencia,2,1,Regular Season,71,44,2,False,Francisco Alcácer García,6402,Valencia,,Right Foot,Normal,Goal,0.7835,120.0,37.2,1.0,Left,Mid,Mid-Left,0,,,,,,3825638_71_44
3825641,La Liga,2015/2016,2015-10-26,Athletic Club,Sporting Gijón,3,0,Regular Season,41,9,1,False,Aritz Aduriz Zubeldia,6394,Athletic Club,Alberto García Cabrera,Right Foot,Normal,Saved,0.7835,119.2,42.4,0.4,Right,Low,Bottom-Right,1,0.3,0.2,0.0,0.0,0.0,3825641_41_9
3825647,La Liga,2015/2016,2015-10-31,Valencia,Levante UD,3,0,Regular Season,63,21,2,False,Francisco Alcácer García,6402,Valencia,,Right Foot,Normal,Goal,0.7835,120.0,37.0,0.3,Left,Low,Bottom-Left,0,,,,,,3825647_63_21
3825650,La Liga,2015/2016,2015-11-01,Real Betis,Athletic Club,1,3,Regular Season,66,23,2,False,Rubén Castro Martín,6832,Real Betis,,Right Foot,Normal,Goal,0.7835,120.0,38.8,1.3,Center,Mid,Mid-Center,0,,,,,,3825650_66_23
3825653,La Liga,2015/2016,2015-11-07,Eibar,Getafe,3,1,Regular Season,60,56,2,False,Saúl Berjón Pérez,24070,Eibar,,Right Foot,Normal,Goal,0.7835,120.0,37.4,2.2,Left,High,Top-Left,0,,,,,,3825653_60_56
3825660,La Liga,2015/2016,2015-11-08,Barcelona,Villarreal,3,0,Regular Season,69,42,2,False,Luis Alberto Suárez Díaz,5246,Barcelona,,Right Foot,Normal,Goal,0.7835,120.0,36.8,0.3,Left,Low,Bottom-Left,0,,,,,,3825660_69_42
3825662,La Liga,2015/2016,2015-11-21,RC Deportivo La Coruña,Celta Vigo,2,0,Regular Season,25,54,1,False,Manuel Agudo Durán,6724,Celta Vigo,,Right Foot,Normal,Saved,0.7835,119.6,36.9,0.3,Left,Low,Bottom-Left,0,,,,,,3825662_25_54
3825667,La Liga,2015/2016,2015-11-22,Villarreal,Eibar,1,1,Regular Season,41,9,1,False,Daniel García Carrillo,6775,Eibar,,Right Foot,Normal,Saved,0.7835,119.2,37.8,0.5,Left,Low,Bottom-Left,0,,,,,,3825667_41_9
3825668,La Liga,2015/2016,2015-11-22,Sporting Gijón,Levante UD,0,3,Regular Season,62,11,2,False,Jonathan Rodríguez Menéndez,6581,Sporting Gijón,,Left Foot,Normal,Saved,0.7835,119.0,37.6,0.9,Left,Mid,Mid-Left,0,,,,,,3825668_62_11
3825669,La Liga,2015/2016,2015-11-23,Getafe,Rayo Vallecano,1,1,Regular Season,72,17,2,False,Roberto Trashorras Gayoso,26848,Rayo Vallecano,,Right Foot,Normal,Saved,0.7835,119.7,39.2,1.0,Center,Mid,Mid-Center,0,,,,,,3825669_72_17
3825675,La Liga,2015/2016,2015-11-29,Rayo Vallecano,Athletic Club,0,3,Regular Season,23,45,1,False,Aritz Aduriz Zubeldia,6394,Athletic Club,,Right Foot,Normal,Goal,0.7835,120.0,40.2,1.9,Center,High,Top-Center,0,,,,,,3825675_23_45
3825678,La Liga,2015/2016,2015-11-29,Eibar,Real Madrid,0,2,Regular Season,81,34,2,False,Cristiano Ronaldo dos Santos Aveiro,5207,Real Madrid,,Right Foot,Normal,Goal,0.7835,120.0,41.7,0.2,Right,Low,Bottom-Right,0,,,,,,3825678_81_34
3825692,La Liga,2015/2016,2015-12-12,Sevilla,Sporting Gijón,2,0,Regular Season,74,36,2,False,Kevin Gameiro,6401,Sevilla,,Right Foot,Normal,Goal,0.7835,120.0,37.9,1.2,Left,Mid,Mid-Left,0,,,,,,3825692_74_36
3825694,La Liga,2015/2016,2015-12-13,Eibar,Valencia,1,1,Regular Season,65,19,2,False,Saúl Berjón Pérez,24070,Eibar,Jaume Doménech Sánchez,Right Foot,Normal,Saved,0.7835,119.0,37.1,1.0,Left,Mid,Mid-Left,1,0.0,1.7,0.0,0.0,0.0,3825694_65_19
3825698,La Liga,2015/2016,2015-12-19,RC Deportivo La Coruña,Eibar,2,0,Regular Season,40,27,1,False,Lucas Pérez Martínez,6732,RC Deportivo La Coruña,,Left Foot,Normal,Goal,0.7835,120.0,41.9,0.1,Right,Low,Bottom-Right,0,,,,,,3825698_40_27
3825700,La Liga,2015/2016,2015-12-20,Real Madrid,Rayo Vallecano,10,2,Regular Season,29,25,1,False,Cristiano Ronaldo dos Santos Aveiro,5207,Real Madrid,,Right Foot,Normal,Goal,0.7835,120.0,36.6,0.5,Left,Low,Bottom-Left,0,,,,,,3825700_29_25
3825710,La Liga,2015/2016,2015-12-30,Real Madrid,Real Sociedad,3,1,Regular Season,23,13,1,False,Cristiano Ronaldo dos Santos Aveiro,5207,Real Madrid,Gerónimo Rulli,Right Foot,Normal,Off T,0.7835,120.0,41.5,5.3,Right,High,Top-Right,1,0.0,0.7,0.0,0.0,0.0,3825710_23_13
267327,La Liga,2015/2016,2015-12-30,Barcelona,Real Betis,4,0,Regular Season,28,58,1,False,Neymar da Silva Santos Junior,4320,Barcelona,Antonio Adán Garrido,Right Foot,Normal,Post,0.7835,120.0,42.5,3.0,Right,High,Top-Right,1,0.5,0.9,0.0,0.0,0.1,267327_28_58
3825710,La Liga,2015/2016,2015-12-30,Real Madrid,Real Sociedad,3,1,Regular Season,41,45,1,False,Cristiano Ronaldo dos Santos Aveiro,5207,Real Madrid,,Right Foot,Normal,Goal,0.7835,120.0,43.8,0.7,Right,Low,Bottom-Right,0,,,,,,3825710_41_45
3825707,La Liga,2015/2016,2015-12-30,Las Palmas,Granada,4,1,Regular Season,79,38,2,False,Jonathan Viera Ramos,10755,Las Palmas,,Right Foot,Normal,Goal,0.7835,120.0,38.5,0.4,Left,Low,Bottom-Left,0,,,,,,3825707_79_38
3825715,La Liga,2015/2016,2016-01-02,Málaga,Celta Vigo,2,0,Regular Season,65,36,2,False,Nordin Amrabat,3302,Málaga,Sergio Álvarez Conde,Right Foot,Normal,Saved,0.7835,119.7,42.0,0.2,Right,Low,Bottom-Right,1,-0.1,0.0,0.0,0.0,0.1,3825715_65_36
3825719,La Liga,2015/2016,2016-01-03,Athletic Club,Las Palmas,2,2,Regular Season,16,32,1,False,Aritz Aduriz Zubeldia,6394,Athletic Club,,Right Foot,Normal,Goal,0.7835,120.0,36.6,0.4,Left,Low,Bottom-Left,0,,,,,,3825719_16_32
3825718,La Liga,2015/2016,2016-01-03,Valencia,Real Madrid,2,2,Regular Season,45,12,1,False,Daniel Parejo Muñoz,6595,Valencia,,Right Foot,Normal,Goal,0.7835,120.0,43.4,0.2,Right,Low,Bottom-Right,0,,,,,,3825718_45_12
3825721,La Liga,2015/2016,2016-01-03,RC Deportivo La Coruña,Villarreal,1,2,Regular Season,94,8,2,False,Bruno Soriano Llido,22819,Villarreal,,Left Foot,Normal,Goal,0.7835,120.0,37.8,0.2,Left,Low,Bottom-Left,0,,,,,,3825721_94_8
3825722,La Liga,2015/2016,2016-01-04,Sporting Gijón,Getafe,1,2,Regular Season,57,5,2,False,Pedro León Sánchez Gil,6907,Getafe,Iván Cuéllar Sacristán,Right Foot,Normal,Post,0.7835,120.0,36.0,0.2,Left,Low,Bottom-Left,1,0.1,0.7,0.0,0.0,0.0,3825722_57_5
3825726,La Liga,2015/2016,2016-01-09,Sevilla,Athletic Club,2,0,Regular Season,58,12,2,False,Kevin Gameiro,6401,Sevilla,,Right Foot,Normal,Goal,0.7835,120.0,37.5,0.2,Left,Low,Bottom-Left,0,,,,,,3825726_58_12
3825727,La Liga,2015/2016,2016-01-10,Eibar,Espanyol,2,1,Regular Season,73,9,2,False,Borja González Tomás,6566,Eibar,,Right Foot,Normal,Goal,0.7835,120.0,39.3,1.2,Center,Mid,Mid-Center,0,,,,,,3825727_73_9
3825734,La Liga,2015/2016,2016-01-16,Real Sociedad,RC Deportivo La Coruña,1,1,Regular Season,74,2,2,False,Xabier Prieto Argarate,6690,Real Sociedad,,Right Foot,Normal,Goal,0.7835,120.0,39.8,2.0,Center,High,Top-Center,0,,,,,,3825734_74_2
266149,La Liga,2015/2016,2016-01-17,Barcelona,Athletic Club,6,0,Regular Season,6,24,1,False,Lionel Andrés Messi Cuccittini,5503,Barcelona,Iago Herrerín Buisán,Left Foot,Normal,Goal,0.7835,120.0,43.7,0.1,Right,Low,Bottom-Right,1,0.1,0.4,0.0,0.0,0.0,266149_6_24
3825747,La Liga,2015/2016,2016-01-24,Athletic Club,Eibar,5,2,Regular Season,49,16,2,False,Borja González Tomás,6566,Eibar,,Right Foot,Normal,Goal,0.7835,120.0,36.9,2.0,Left,High,Top-Left,0,,,,,,3825747_49_16
3825753,La Liga,2015/2016,2016-01-30,Villarreal,Granada,1,0,Regular Season,54,31,2,False,Bruno Soriano Llido,22819,Villarreal,,Left Foot,Normal,Goal,0.7835,120.0,43.2,0.2,Right,Low,Bottom-Right,0,,,,,,3825753_54_31
3825757,La Liga,2015/2016,2016-01-31,Real Madrid,Espanyol,6,0,Regular Season,11,9,1,False,Cristiano Ronaldo dos Santos Aveiro,5207,Real Madrid,,Right Foot,Normal,Goal,0.7835,120.0,36.8,0.5,Left,Low,Bottom-Left,0,,,,,,3825757_11_9
3825754,La Liga,2015/2016,2016-01-31,Las Palmas,Celta Vigo,2,1,Regular Season,32,15,1,False,Jonathan Viera Ramos,10755,Las Palmas,,Right Foot,Normal,Goal,0.7835,120.0,43.4,0.3,Right,Low,Bottom-Right,0,,,,,,3825754_32_15
3825755,La Liga,2015/2016,2016-01-31,Valencia,Sporting Gijón,0,1,Regular Season,49,5,2,False,Arnaldo Antonio Sanabria Ayala,6880,Sporting Gijón,,Right Foot,Normal,Goal,0.7835,120.0,43.3,0.2,Right,Low,Bottom-Right,0,,,,,,3825755_49_5
266254,La Liga,2015/2016,2016-02-14,Barcelona,Celta Vigo,6,1,Regular Season,38,53,1,False,John Guidetti,6038,Celta Vigo,,Right Foot,Normal,Goal,0.7835,120.0,37.3,1.0,Left,Mid,Mid-Left,0,,,,,,266254_38_53
266254,La Liga,2015/2016,2016-02-14,Barcelona,Celta Vigo,6,1,Regular Season,80,58,2,False,Lionel Andrés Messi Cuccittini,5503,Barcelona,Sergio Álvarez Conde,Left Foot,Normal,Wayward,0.7835,111.4,43.2,,Right,,,1,0.1,0.3,0.0,0.0,0.1,266254_80_58
266815,La Liga,2015/2016,2016-02-17,Sporting Gijón,Barcelona,1,3,Regular Season,61,29,2,False,Luis Alberto Suárez Díaz,5246,Barcelona,Iván Cuéllar Sacristán,Right Foot,Normal,Saved,0.7835,118.9,37.1,0.9,Left,Mid,Mid-Left,1,0.1,1.3,0.0,0.0,0.0,266815_61_29
3825777,La Liga,2015/2016,2016-02-19,Levante UD,Getafe,3,0,Regular Season,42,41,1,False,Giuseppe Rossi,7141,Levante UD,,Left Foot,Normal,Goal,0.7835,120.0,36.6,0.2,Left,Low,Bottom-Left,0,,,,,,3825777_42_41
3825779,La Liga,2015/2016,2016-02-20,Celta Vigo,Eibar,3,2,Regular Season,83,18,2,False,Saúl Berjón Pérez,24070,Eibar,,Right Foot,Normal,Goal,0.7835,120.0,37.9,1.4,Left,Mid,Mid-Left,0,,,,,,3825779_83_18
3825785,La Liga,2015/2016,2016-02-21,Málaga,Real Madrid,1,1,Regular Season,35,21,1,False,Cristiano Ronaldo dos Santos Aveiro,5207,Real Madrid,,Right Foot,Normal,Saved,0.7835,119.1,42.4,0.3,Right,Low,Bottom-Right,0,,,,,,3825785_35_21
3825792,La Liga,2015/2016,2016-02-28,RC Deportivo La Coruña,Granada,0,1,Regular Season,23,12,1,False,Youssef El-Arabi,27109,Granada,,Right Foot,Normal,Goal,0.7835,120.0,43.6,0.5,Right,Low,Bottom-Right,0,,,,,,3825792_23_12
3825796,La Liga,2015/2016,2016-03-01,Las Palmas,Getafe,4,0,Regular Season,27,46,1,False,Jonathan Viera Ramos,10755,Las Palmas,,Right Foot,Normal,Goal,0.7835,120.0,43.0,0.2,Right,Low,Bottom-Right,0,,,,,,3825796_27_46
3825795,La Liga,2015/2016,2016-03-01,Atlético Madrid,Real Sociedad,3,0,Regular Season,60,16,2,False,Antoine Griezmann,5487,Atlético Madrid,,Left Foot,Normal,Goal,0.7835,120.0,43.3,0.3,Right,Low,Bottom-Right,0,,,,,,3825795_60_16
3825798,La Liga,2015/2016,2016-03-02,Levante UD,Real Madrid,1,3,Regular Season,33,39,1,False,Cristiano Ronaldo dos Santos Aveiro,5207,Real Madrid,,Right Foot,Normal,Goal,0.7835,120.0,36.5,0.0,Left,Low,Bottom-Left,0,,,,,,3825798_33_39
266653,La Liga,2015/2016,2016-03-03,Rayo Vallecano,Barcelona,1,5,Regular Season,68,10,2,False,Luis Alberto Suárez Díaz,5246,Barcelona,,Right Foot,Normal,Saved,0.7835,119.5,38.8,0.9,Center,Mid,Mid-Center,0,,,,,,266653_68_10
3825803,La Liga,2015/2016,2016-03-03,Granada,Sporting Gijón,2,0,Regular Season,71,52,2,False,Youssef El-Arabi,27109,Granada,,Right Foot,Normal,Goal,0.7835,120.0,42.7,1.0,Right,Mid,Mid-Right,0,,,,,,3825803_71_52
266056,La Liga,2015/2016,2016-03-06,Eibar,Barcelona,0,4,Regular Season,75,18,2,False,Lionel Andrés Messi Cuccittini,5503,Barcelona,,Left Foot,Normal,Goal,0.7835,120.0,40.1,1.3,Center,Mid,Mid-Center,0,,,,,,266056_75_18
266498,La Liga,2015/2016,2016-03-12,Barcelona,Getafe,6,0,Regular Season,10,20,1,False,Lionel Andrés Messi Cuccittini,5503,Barcelona,,Left Foot,Normal,Saved,0.7835,119.3,42.3,0.1,Right,Low,Bottom-Right,0,,,,,,266498_10_20
3825818,La Liga,2015/2016,2016-03-19,Real Sociedad,Las Palmas,0,1,Regular Season,12,25,1,False,Jonathan Viera Ramos,10755,Las Palmas,Gerónimo Rulli,Right Foot,Normal,Saved,0.7835,118.8,37.6,1.0,Left,Mid,Mid-Left,1,0.5,1.0,0.0,0.0,0.0,3825818_12_25
3825887,La Liga,2015/2016,2016-03-19,Granada,Rayo Vallecano,2,2,Regular Season,53,16,2,False,Youssef El-Arabi,27109,Granada,,Right Foot,Normal,Goal,0.7835,120.0,36.7,0.4,Left,Low,Bottom-Left,0,,,,,,3825887_53_16
3825820,La Liga,2015/2016,2016-03-20,Real Madrid,Sevilla,4,0,Regular Season,26,35,1,False,Kevin Gameiro,6401,Sevilla,,Right Foot,Normal,Saved,0.7835,118.7,38.2,0.2,Left,Low,Bottom-Left,0,,,,,,3825820_26_35
266106,La Liga,2015/2016,2016-03-20,Villarreal,Barcelona,2,2,Regular Season,40,42,1,False,Neymar da Silva Santos Junior,4320,Barcelona,,Right Foot,Normal,Goal,0.7835,120.0,37.5,1.0,Left,Mid,Mid-Left,0,,,,,,266106_40_42
3825820,La Liga,2015/2016,2016-03-20,Real Madrid,Sevilla,4,0,Regular Season,57,26,2,False,Cristiano Ronaldo dos Santos Aveiro,5207,Real Madrid,Sergio Rico González,Right Foot,Normal,Off T,0.7835,120.0,40.5,3.8,Center,High,Top-Center,1,-0.2,0.5,0.0,0.0,0.1,3825820_57_26
3825822,La Liga,2015/2016,2016-04-02,Las Palmas,Valencia,2,1,Regular Season,49,20,2,False,Jonathan Viera Ramos,10755,Las Palmas,,Right Foot,Normal,Goal,0.7835,120.0,42.4,1.9,Right,High,Top-Right,0,,,,,,3825822_49_20
3825905,La Liga,2015/2016,2016-04-03,Málaga,Espanyol,1,1,Regular Season,44,2,1,False,Duje Čop,8419,Málaga,,Right Foot,Normal,Goal,0.7835,120.0,43.1,2.1,Right,High,Top-Right,0,,,,,,3825905_44_2
3825877,La Liga,2015/2016,2016-04-03,Athletic Club,Granada,1,1,Regular Season,44,7,1,False,Aritz Aduriz Zubeldia,6394,Athletic Club,Andrés Eduardo Fernández Moreno,Right Foot,Normal,Post,0.7835,120.0,36.0,0.5,Left,Low,Bottom-Left,1,0.0,0.7,0.0,0.0,0.0,3825877_44_7
3825823,La Liga,2015/2016,2016-04-03,Sevilla,Real Sociedad,1,2,Regular Season,50,10,2,False,Kevin Gameiro,6401,Sevilla,,Right Foot,Normal,Goal,0.7835,120.0,37.0,0.3,Left,Low,Bottom-Left,0,,,,,,3825823_50_10
3825840,La Liga,2015/2016,2016-04-20,Valencia,Eibar,4,0,Regular Season,9,6,1,False,Francisco Alcácer García,6402,Valencia,,Right Foot,Normal,Saved,0.7835,119.1,37.0,0.7,Left,Low,Bottom-Left,0,,,,,,3825840_9_6
3825896,La Liga,2015/2016,2016-04-21,Granada,Levante UD,5,1,Regular Season,34,13,1,False,Youssef El-Arabi,27109,Granada,,Right Foot,Normal,Goal,0.7835,120.0,37.0,0.2,Left,Low,Bottom-Left,0,,,,,,3825896_34_13
3825841,La Liga,2015/2016,2016-04-21,Real Sociedad,Getafe,1,2,Regular Season,55,51,2,False,Álvaro Vázquez García,24035,Getafe,,Right Foot,Normal,Goal,0.7835,120.0,40.5,0.5,Center,Low,Bottom-Center,0,,,,,,3825841_55_51
3825896,La Liga,2015/2016,2016-04-21,Granada,Levante UD,5,1,Regular Season,84,56,2,False,Youssef El-Arabi,27109,Granada,,Right Foot,Normal,Goal,0.7835,120.0,43.8,1.0,Right,Mid,Mid-Right,0,,,,,,3825896_84_56
265944,La Liga,2015/2016,2016-04-23,Barcelona,Sporting Gijón,6,0,Regular Season,73,38,2,False,Luis Alberto Suárez Díaz,5246,Barcelona,,Right Foot,Normal,Goal,0.7835,120.0,43.2,1.5,Right,Mid,Mid-Right,0,,,,,,265944_73_38
265944,La Liga,2015/2016,2016-04-23,Barcelona,Sporting Gijón,6,0,Regular Season,76,52,2,False,Luis Alberto Suárez Díaz,5246,Barcelona,,Right Foot,Normal,Goal,0.7835,120.0,39.3,2.0,Center,High,Top-Center,0,,,,,,265944_76_52
265944,La Liga,2015/2016,2016-04-23,Barcelona,Sporting Gijón,6,0,Regular Season,85,6,2,False,Neymar da Silva Santos Junior,4320,Barcelona,,Right Foot,Normal,Goal,0.7835,120.0,38.6,0.4,Left,Low,Bottom-Left,0,,,,,,265944_85_6
3825868,La Liga,2015/2016,2016-04-25,Celta Vigo,Granada,2,1,Regular Season,15,26,1,False,Iago Aspas Juncal,5217,Celta Vigo,,Left Foot,Normal,Goal,0.7835,120.0,41.9,0.9,Right,Mid,Mid-Right,0,,,,,,3825868_15_26
3825870,La Liga,2015/2016,2016-05-01,Athletic Club,Celta Vigo,2,1,Regular Season,37,43,1,False,Aritz Aduriz Zubeldia,6394,Athletic Club,,Right Foot,Normal,Goal,0.7835,120.0,43.7,1.1,Right,Mid,Mid-Right,0,,,,,,3825870_37_43
3825853,La Liga,2015/2016,2016-05-08,Sevilla,Granada,1,4,Regular Season,85,17,2,False,Youssef El-Arabi,27109,Granada,,Right Foot,Normal,Goal,0.7835,120.0,42.7,0.7,Right,Low,Bottom-Right,0,,,,,,3825853_85_17
3825883,La Liga,2015/2016,2016-05-15,Málaga,Las Palmas,4,1,Regular Season,45,30,1,False,Charles Días Barbosa de Oliveira,6707,Málaga,,Right Foot,Normal,Goal,0.7835,120.0,36.9,0.2,Left,Low,Bottom-Left,0,,,,,,3825883_45_30
3825908,La Liga,2015/2016,2016-05-15,Espanyol,Eibar,4,2,Regular Season,56,51,2,False,Borja González Tomás,6566,Eibar,,Right Foot,Normal,Goal,0.7835,120.0,37.6,0.3,Left,Low,Bottom-Left,0,,,,,,3825908_56_51
3825902,La Liga,2015/2016,2016-05-15,Rayo Vallecano,Levante UD,3,1,Regular Season,59,29,2,False,José Antonio García Rabasco,24149,Levante UD,,Right Foot,Normal,Goal,0.7835,120.0,36.9,2.0,Left,High,Top-Left,0,,,,,,3825902_59_29
3825876,La Liga,2015/2016,2016-05-15,Real Betis,Getafe,2,1,Regular Season,72,59,2,False,Rubén Castro Martín,6832,Real Betis,,Right Foot,Normal,Goal,0.7835,120.0,43.8,0.2,Right,Low,Bottom-Right,0,,,,,,3825876_72_59
267212,La Liga,2016/2017,2016-09-17,Leganés,Barcelona,1,5,Regular Season,54,27,2,False,Lionel Andrés Messi Cuccittini,5503,Barcelona,,Left Foot,Normal,Goal,0.7835,120.0,43.0,2.0,Right,High,Top-Right,0,,,,,,267212_54_27
266033,La Liga,2016/2017,2016-10-22,Valencia,Barcelona,2,3,Regular Season,93,23,2,False,Lionel Andrés Messi Cuccittini,5503,Barcelona,,Left Foot,Normal,Goal,0.7835,120.0,36.5,0.2,Left,Low,Bottom-Left,0,,,,,,266033_93_23
267596,La Liga,2016/2017,2017-02-19,Barcelona,Leganés,2,1,Regular Season,89,12,2,False,Lionel Andrés Messi Cuccittini,5503,Barcelona,,Left Foot,Normal,Goal,0.7835,120.0,36.8,1.8,Left,High,Top-Left,0,,,,,,267596_89_12
266440,La Liga,2016/2017,2017-03-19,Barcelona,Valencia,4,2,Regular Season,44,34,1,False,Lionel Andrés Messi Cuccittini,5503,Barcelona,,Left Foot,Normal,Goal,0.7835,120.0,40.0,0.2,Center,Low,Bottom-Center,0,,,,,,266440_44_34
267101,La Liga,2016/2017,2017-04-26,Barcelona,Osasuna,7,1,Regular Season,66,41,2,False,Javier Alejandro Mascherano,5506,Barcelona,,Right Foot,Normal,Goal,0.7835,120.0,39.3,2.1,Center,High,Top-Center,0,,,,,,267101_66_41
266952,La Liga,2016/2017,2017-05-06,Barcelona,Villarreal,4,1,Regular Season,81,16,2,False,Lionel Andrés Messi Cuccittini,5503,Barcelona,,Left Foot,Normal,Goal,0.7835,120.0,41.1,2.2,Center,High,Top-Center,0,,,,,,266952_81_16
267432,La Liga,2016/2017,2017-05-21,Barcelona,Eibar,4,2,Regular Season,69,36,2,False,Lionel Andrés Messi Cuccittini,5503,Barcelona,,Left Foot,Normal,Saved,0.7835,119.2,41.3,0.9,Center,Mid,Mid-Center,0,,,,,,267432_69_36
267432,La Liga,2016/2017,2017-05-21,Barcelona,Eibar,4,2,Regular Season,74,55,2,False,Lionel Andrés Messi Cuccittini,5503,Barcelona,,Left Foot,Normal,Goal,0.7835,120.0,43.7,1.3,Right,Mid,Mid-Right,0,,,,,,267432_74_55
9581,La Liga,2017/2018,2017-08-26,Deportivo Alavés,Barcelona,0,2,Regular Season,38,39,1,False,Lionel Andrés Messi Cuccittini,5503,Barcelona,,Left Foot,Normal,Saved,0.7835,119.1,36.9,1.1,Left,Mid,Mid-Left,0,,,,,,9581_38_39
9609,La Liga,2017/2018,2017-09-19,Barcelona,Eibar,6,1,Regular Season,20,1,1,False,Lionel Andrés Messi Cuccittini,5503,Barcelona,,Left Foot,Normal,Goal,0.7835,120.0,36.9,1.6,Left,Mid,Mid-Left,0,,,,,,9609_20_1
9726,La Liga,2017/2018,2017-12-17,Barcelona,RC Deportivo La Coruña,4,0,Regular Season,69,39,2,False,Lionel Andrés Messi Cuccittini,5503,Barcelona,,Left Foot,Normal,Saved,0.7835,119.3,42.8,1.4,Right,Mid,Mid-Right,0,,,,,,9726_69_39
9736,La Liga,2017/2018,2017-12-23,Real Madrid,Barcelona,0,3,Regular Season,63,29,2,False,Lionel Andrés Messi Cuccittini,5503,Barcelona,,Left Foot,Normal,Goal,0.7835,120.0,41.8,1.6,Right,Mid,Mid-Right,0,,,,,,9736_63_29
9827,La Liga,2017/2018,2018-03-01,Las Palmas,Barcelona,1,1,Regular Season,47,50,2,False,Jonathan Calleri,6930,Las Palmas,,Right Foot,Normal,Goal,0.7835,120.0,43.5,2.3,Right,High,Top-Right,0,,,,,,9827_47_50
9880,La Liga,2017/2018,2018-04-14,Barcelona,Valencia,2,1,Regular Season,86,7,2,False,Daniel Parejo Muñoz,6595,Valencia,,Right Foot,Normal,Goal,0.7835,120.0,43.1,0.2,Right,Low,Bottom-Right,0,,,,,,9880_86_7
15973,La Liga,2018/2019,2018-09-02,Barcelona,Huesca,8,2,Regular Season,92,5,2,False,Luis Alberto Suárez Díaz,5246,Barcelona,,Right Foot,Normal,Goal,0.7835,120.0,43.1,0.3,Right,Low,Bottom-Right,0,,,,,,15973_92_5
16029,La Liga,2018/2019,2018-10-20,Barcelona,Sevilla,4,2,Regular Season,62,21,2,False,Luis Alberto Suárez Díaz,5246,Barcelona,,Right Foot,Normal,Goal,0.7835,120.0,37.2,0.2,Left,Low,Bottom-Left,0,,,,,,16029_62_21
16056,La Liga,2018/2019,2018-11-11,Barcelona,Real Betis,3,4,Regular Season,67,17,2,False,Lionel Andrés Messi Cuccittini,5503,Barcelona,,Left Foot,Normal,Goal,0.7835,120.0,43.0,2.1,Right,High,Top-Right,0,,,,,,16056_67_17
16157,La Liga,2018/2019,2019-02-02,Barcelona,Valencia,2,2,Regular Season,31,51,1,False,Daniel Parejo Muñoz,6595,Valencia,,Right Foot,Normal,Goal,0.7835,120.0,36.7,1.4,Left,Mid,Mid-Left,0,,,,,,16157_31_51
16157,La Liga,2018/2019,2019-02-02,Barcelona,Valencia,2,2,Regular Season,38,43,1,False,Lionel Andrés Messi Cuccittini,5503,Barcelona,,Left Foot,Normal,Goal,0.7835,120.0,41.7,0.2,Right,Low,Bottom-Right,0,,,,,,16157_38_43
16182,La Liga,2018/2019,2019-02-16,Barcelona,Real Valladolid,1,0,Regular Season,42,43,1,False,Lionel Andrés Messi Cuccittini,5503,Barcelona,,Left Foot,Normal,Goal,0.7835,120.0,43.6,0.2,Right,Low,Bottom-Right,0,,,,,,16182_42_43
16182,La Liga,2018/2019,2019-02-16,Barcelona,Real Valladolid,1,0,Regular Season,84,47,2,False,Lionel Andrés Messi Cuccittini,5503,Barcelona,,Left Foot,Normal,Saved,0.7835,119.1,43.1,0.6,Right,Low,Bottom-Right,0,,,,,,16182_84_47
16205,La Liga,2018/2019,2019-03-09,Barcelona,Rayo Vallecano,3,1,Regular Season,50,36,2,False,Lionel Andrés Messi Cuccittini,5503,Barcelona,,Left Foot,Normal,Goal,0.7835,120.0,43.1,0.2,Right,Low,Bottom-Right,0,,,,,,16205_50_36
16275,La Liga,2018/2019,2019-04-23,Deportivo Alavés,Barcelona,0,2,Regular Season,59,50,2,False,Luis Alberto Suárez Díaz,5246,Barcelona,,Right Foot,Normal,Goal,0.7835,120.0,43.7,1.1,Right,Mid,Mid-Right,0,,,,,,16275_59_50
303666,La Liga,2019/2020,2019-09-21,Granada,Barcelona,2,0,Regular Season,65,21,2,False,Álvaro Vadillo Cifuentes,24143,Granada,,Right Foot,Normal,Goal,0.7835,120.0,37.1,0.2,Left,Low,Bottom-Left,0,,,,,,303666_65_21
303504,La Liga,2019/2020,2019-11-02,Levante UD,Barcelona,3,1,Regular Season,37,33,1,False,Lionel Andrés Messi Cuccittini,5503,Barcelona,Aitor Fernández Abarisketa,Left Foot,Normal,Goal,0.7835,120.0,42.4,2.0,Right,High,Top-Right,1,-0.6,0.8,0.0,0.0,-0.1,303504_37_33
303487,La Liga,2019/2020,2019-11-09,Barcelona,Celta Vigo,4,1,Regular Season,22,32,1,False,Lionel Andrés Messi Cuccittini,5503,Barcelona,,Left Foot,Normal,Goal,0.7835,120.0,36.5,0.0,Left,Low,Bottom-Left,0,,,,,,303487_22_32
303664,La Liga,2019/2020,2019-12-14,Real Sociedad,Barcelona,2,2,Regular Season,11,23,1,False,Mikel Oyarzabal Ugarte,6685,Real Sociedad,,Left Foot,Normal,Goal,0.7835,120.0,38.8,0.7,Center,Low,Bottom-Center,0,,,,,,303664_11_23
303517,La Liga,2019/2020,2019-12-21,Barcelona,Deportivo Alavés,4,1,Regular Season,74,23,2,False,Luis Alberto Suárez Díaz,5246,Barcelona,,Right Foot,Normal,Goal,0.7835,120.0,37.9,1.2,Left,Mid,Mid-Left,0,,,,,,303517_74_23
303400,La Liga,2019/2020,2020-01-25,Valencia,Barcelona,2,0,Regular Season,11,37,1,False,Maximiliano Gómez González,6297,Valencia,Marc-André ter Stegen,Right Foot,Normal,Saved,0.7835,118.9,42.8,1.3,Right,Mid,Mid-Right,1,0.3,0.7,0.0,0.0,0.0,303400_11_37
303707,La Liga,2019/2020,2020-02-09,Real Betis,Barcelona,2,3,Regular Season,5,41,1,False,Sergio Canales Madrazo,6673,Real Betis,,Left Foot,Normal,Goal,0.7835,120.0,37.1,0.2,Left,Low,Bottom-Left,0,,,,,,303707_5_41
303479,La Liga,2019/2020,2020-03-07,Barcelona,Real Sociedad,1,0,Regular Season,80,32,2,False,Lionel Andrés Messi Cuccittini,5503,Barcelona,,Left Foot,Normal,Goal,0.7835,120.0,43.3,1.1,Right,Mid,Mid-Right,0,,,,,,303479_80_32
303532,La Liga,2019/2020,2020-06-16,Barcelona,Leganés,2,0,Regular Season,68,58,2,False,Lionel Andrés Messi Cuccittini,5503,Barcelona,,Left Foot,Normal,Goal,0.7835,120.0,43.6,0.8,Right,Low,Bottom-Right,0,,,,,,303532_68_58
303696,La Liga,2019/2020,2020-06-30,Barcelona,Atlético Madrid,2,2,Regular Season,18,4,1,False,Saúl Ñíguez Esclapez,6381,Atlético Madrid,,Left Foot,Normal,Goal,0.7835,120.0,43.3,0.2,Right,Low,Bottom-Right,0,,,,,,303696_18_4
303696,La Liga,2019/2020,2020-06-30,Barcelona,Atlético Madrid,2,2,Regular Season,49,2,2,False,Lionel Andrés Messi Cuccittini,5503,Barcelona,Jan Oblak,Left Foot,Normal,Goal,0.7835,120.0,37.6,1.1,Left,Mid,Mid-Left,1,-0.2,0.3,0.0,0.0,-0.3,303696_49_2
303696,La Liga,2019/2020,2020-06-30,Barcelona,Atlético Madrid,2,2,Regular Season,61,45,2,False,Saúl Ñíguez Esclapez,6381,Atlético Madrid,Marc-André ter Stegen,Left Foot,Normal,Goal,0.7835,120.0,43.3,0.2,Right,Low,Bottom-Right,1,-0.6,1.0,0.0,0.0,-0.3,303696_61_45
3773593,La Liga,2020/2021,2020-09-27,Barcelona,Villarreal,4,0,Regular Season,34,13,1,False,Lionel Andrés Messi Cuccittini,5503,Barcelona,,Left Foot,Normal,Goal,0.7835,120.0,37.0,0.2,Left,Low,Bottom-Left,0,,,,,,3773593_34_13
3773587,La Liga,2020/2021,2020-10-17,Getafe,Barcelona,1,0,Regular Season,55,54,2,False,Jaime Mata Arnaiz,11550,Getafe,,Right Foot,Normal,Goal,0.7835,120.0,36.6,0.2,Left,Low,Bottom-Left,0,,,,,,3773587_55_54
3773585,La Liga,2020/2021,2020-10-24,Barcelona,Real Madrid,1,3,Regular Season,62,19,2,False,Sergio Ramos García,5201,Real Madrid,,Right Foot,Normal,Goal,0.7835,120.0,37.4,0.2,Left,Low,Bottom-Left,0,,,,,,3773585_62_19
3773477,La Liga,2020/2021,2020-11-07,Barcelona,Real Betis,5,2,Regular Season,32,36,1,False,Antoine Griezmann,5487,Barcelona,,Left Foot,Normal,Saved,0.7835,119.3,37.9,0.9,Left,Mid,Mid-Left,0,,,,,,3773477_32_36
3773477,La Liga,2020/2021,2020-11-07,Barcelona,Real Betis,5,2,Regular Season,60,57,2,False,Lionel Andrés Messi Cuccittini,5503,Barcelona,,Left Foot,Normal,Goal,0.7835,120.0,43.3,2.3,Right,High,Top-Right,0,,,,,,3773477_60_57
3773377,La Liga,2020/2021,2020-12-19,Barcelona,Valencia,2,2,Regular Season,48,35,1,False,Lionel Andrés Messi Cuccittini,5503,Barcelona,,Left Foot,Normal,Saved,0.7835,119.1,37.6,1.0,Left,Mid,Mid-Left,0,,,,,,3773377_48_35
3773415,La Liga,2020/2021,2021-02-21,Barcelona,Cádiz,1,1,Regular Season,31,23,1,False,Lionel Andrés Messi Cuccittini,5503,Barcelona,,Left Foot,Normal,Goal,0.7835,120.0,37.0,0.7,Left,Low,Bottom-Left,0,,,,,,3773415_31_23
3773415,La Liga,2020/2021,2021-02-21,Barcelona,Cádiz,1,1,Regular Season,88,16,2,False,Alejandro Fernández Iglesias,23967,Cádiz,,Right Foot,Normal,Goal,0.7835,120.0,37.0,0.2,Left,Low,Bottom-Left,0,,,,,,3773415_88_16
3773369,La Liga,2020/2021,2021-03-15,Barcelona,Huesca,4,1,Regular Season,48,12,1,False,Rafael Mir Vicente,23812,Huesca,Marc-André ter Stegen,Right Foot,Normal,Goal,0.7835,120.0,42.3,0.5,Right,Low,Bottom-Right,1,0.4,0.8,0.0,0.0,0.0,3773369_48_12
3773661,La Liga,2020/2021,2021-04-22,Barcelona,Getafe,5,2,Regular Season,68,31,2,False,Enes Ünal,6760,Getafe,,Right Foot,Normal,Goal,0.7835,120.0,36.7,0.2,Left,Low,Bottom-Left,0,,,,,,3773661_68_31
3773661,La Liga,2020/2021,2021-04-22,Barcelona,Getafe,5,2,Regular Season,92,27,2,False,Antoine Griezmann,5487,Barcelona,,Left Foot,Normal,Goal,0.7835,120.0,43.3,0.8,Right,Low,Bottom-Right,0,,,,,,3773661_92_27
3773695,La Liga,2020/2021,2021-05-02,Valencia,Barcelona,2,3,Regular Season,56,51,2,False,Lionel Andrés Messi Cuccittini,5503,Barcelona,Jasper Cillessen,Left Foot,Normal,Saved,0.7835,119.5,37.4,0.0,Left,Low,Bottom-Left,1,0.1,0.1,0.0,0.0,0.1,3773695_56_51
